run1,run2,run3
2.263028860092163,1.5895614624023438,1.3621740341186523
mean±std,1.738±0.383
