run1,run2,run3
6.367443799972534,5.635425567626953,5.117090702056885
mean±std,5.707±0.513
