Run1,Run2,Run3
273.2178614139557,272.0688796043396,271.9396722316742
mean±std,272.409±0.575
