Run1,Run2,Run3
542.8889298439026,542.1459965705872,542.1199879646301
mean±std,542.385±0.357
