Run1,Run2,Run3
2077.0215237140656,2077.4907219409943,2043.5146090984344
mean±std,2066.009±15.907
